{
  "ru": {
    "shop": "🛒 Товары",
    "profile": "📱 Профиль",
	"onas": "📜 О нас",

    "about_shop": "\uD83C\uDFEA Управление магазином",
    "faq": "ℹ️ FAQ",
    "rules": "📗 Правила",
    "hello_message": "\uD83D\uDC4B Приветствие",
    "comeback_message": "✋ Возвращение",

    "support": "👨‍💻 Поддержка",
    "my_support": "\uD83D\uDCD3 Мои обращения",
    "new_support": "\uD83D\uDCCB Новое обращение",
    "active_support": "\uD83D\uDCD7 Активные обращения",
    "close_support": "\uD83D\uDCD5 Закрытые обращения",
    "cancel_support": "\uD83D\uDEAB Отмена запроса",

    "accept_rules": "✅ Ознакомлен и согласен",

    "to_all_category": "⬅ Назад к категориям",
    "buy": "\uD83D\uDECD Купить",
    "buy_item": "\uD83D\uDCB3 Оплатить",
    "check_buy": "\uD83D\uDD04 Проверка оплаты",
    "cancel_buy": "\uD83D\uDEAB Отмена оплаты",

    "items": "📦 Все товары магазина",
    "add_item": "📓 Добавить товар",
    "item_management": "📝 Управление товарами",
    "edit_name": "📙 Изменить название",
    "edit_desc": "📋 Изменить описание",
    "edit_pic":  "\uD83D\uDCF7 Изменить картинку",
    "edit_price": "💵 Изменить цену",
    "edit_data": "📦 Управление данными товара",
    "load_data": "\uD83D\uDCD3 Дозагрузка данных",
    "delete_data": "\uD83D\uDDD1 Удалить остатки",
    "delete_item": "🗑 Удалить товар",

    "category_management": "📁 Управление категориями",
    "add_category": "📂 Добавить категорию",
    "add_subcategory": "📂 Добавить подкатегорию",
    "delete_category": "🗑 Удалить категорию",
    "delete_subcategory": "🗑 Удалить подкатегорию",

    "users": "🙍‍♂ Пользователи",
    "find_user": "\uD83D\uDD0E Найти пользователя",

    "statistic": "\uD83D\uDCCA Статистика",
    "general": "\uD83D\uDCCA Общая",
    "daily": "\uD83D\uDCC6 Ежедневная",
    "all_users": "\uD83D\uDE4D\u200D♂ Все пользователи",
    "all_purchases": "\uD83D\uDED2 Все покупки",

    "payment": "\uD83D\uDCB3 Управление оплатой",
    "qiwi": "\uD83E\uDD5D QIWI",
    "yoomoney": "\uD83D\uDCB5 YooMoney",
    "edit_payment": "📝 Изменить данные",
    "check_payment": "🔁 Проверить кошелек",
    "mailing": "\uD83D\uDCE7 Рассылки",
    "create_mailing": "\uD83D\uDCEE Создать рассылку",

    "edit": "\uD83D\uDCDD Редактировать",
    "cancel": "Отмена",
    "next": "Вперед ➡",
    "back": "⬅ Назад",
    "return": "◀ Вернуться",
    "close": "🚫 Закрыть",
    "finish": "✅ Завершить",
    "yes": "✔ Да",
    "no": "❌ Нет",
    "delete": "🗑 Удалить",
    "nothing": "😔 Ой, здесь ничего нет("
  }
}